dataset,protocol,method,training_setting,paper,source,verified,sort_metric,sort_value,metrics_json,notes
University-1652,Droneâ†’Satellite Retrieval,(MGS)2-Net,Trained on University-1652 official train split (701 buildings),(MGS)2-Net: Unifying Micro-Geometric Scale and Macro-Geometric Structure for Cross-View Geo-Localization,Table 1,false,R@1,97.6,"{""AP"": ""98.03"", ""R@1"": ""97.60"", ""R@10"": null, ""R@5"": null}",Test image size 336x336. R@5 and R@10 not reported in the paper table.
University-1652,Satelliteâ†’Drone Retrieval,(MGS)2-Net,Trained on University-1652 official train split (701 buildings),(MGS)2-Net: Unifying Micro-Geometric Scale and Macro-Geometric Structure for Cross-View Geo-Localization,Table 1,false,R@1,98.86,"{""AP"": ""97.25"", ""R@1"": ""98.86"", ""R@10"": null, ""R@5"": null}",Test image size 336x336. R@5 and R@10 not reported in the paper table.
SUES-200,Standard Supervised Cross-View Retrieval,(MGS)2-Net,"Trained on SUES-200 official training set across four altitudes (150m, 200m, 250m, 300m)",(MGS)2-Net: Unifying Micro-Geometric Scale and Macro-Geometric Structure for Cross-View Geo-Localization,Table 2,false,Mean Droneâ†’Satellite R@1,99.46,"{""Mean Droneâ†’Satellite AP"": ""99.57"", ""Mean Droneâ†’Satellite R@1"": ""99.46"", ""Mean Satelliteâ†’Drone AP"": ""98.17"", ""Mean Satelliteâ†’Drone R@1"": ""99.69""}","Values computed as mean across four altitudes (150m, 200m, 250m, 300m). Droneâ†’Sat: R@1 = (98.45+99.62+99.78+100.00)/4, AP = (98.78+99.69+99.80+100.00)/4. Satelliteâ†’Drone: R@1 = (98.75+100.00+100.00+100.00)/4, AP = (96.50+98.51+98.73+98.95)/4. Test image size 336x336."
DenseUAV,Drone-to-Satellite Retrieval,G2CL,"ConvNeXt-Tiny backbone, InfoNCE + Geographic Information Adaptive Contrastive Loss, trained on official DenseUAV training set, evaluated on official test set with all satellite scales (Small/Middle/Big) and both timeframes (2020/2022) â€” setting (5)",A Deep Learning Framework with Geographic Information Adaptive Loss for Remote Sensing Images based UAV Self-Positioning,"Table 1, setting (5), G2CL row",false,Recall@1,94.51,"{""AP"": ""95.77"", ""Recall@1"": ""94.51""}",The leaderboard spec lists 'AP' as the second column; the paper reports SDM@1 (95.77) in this position. SDM is a DenseUAV-specific metric. AP value is reported as SDM@1=95.77 per paper convention.
University-1652,Droneâ†’Satellite Retrieval,Heatmap-Guided Swin-Transformer + LightGCN,Official 701/951 split; drone and satellite images only,A Highly Robust Image Matching and Localization Method Based on Heatmap Guidance and Graph Structure Optimization,Abstract,false,R@1,88.38,"{""AP"": ""89.37%"", ""Method"": ""Heatmap-Guided Swin-Transformer + LightGCN"", ""R@1"": ""88.38%"", ""R@10"": null, ""R@5"": null}","Abstract-reported headline result; R@5 and R@10 not reported in supplied text, so they are unavailable."
University-1652,Satelliteâ†’Drone Retrieval,Heatmap-Guided Swin-Transformer + LightGCN,Official 701/951 split; drone and satellite images only,A Highly Robust Image Matching and Localization Method Based on Heatmap Guidance and Graph Structure Optimization,Abstract,false,R@1,93.76,"{""AP"": ""89.35%"", ""Method"": ""Heatmap-Guided Swin-Transformer + LightGCN"", ""R@1"": ""93.76%"", ""R@10"": null, ""R@5"": null}","Abstract-reported headline result; R@5 and R@10 not reported in supplied text, so they are unavailable."
University-1652,Droneâ†’Satellite Retrieval,AFMS-Net,"ViT-S backbone pretrained on ImageNet; 120 epochs, SGD, batch size 8, standard 701/951 split",Adaptive Frequency Enhancement and Multi-Scale Semantic Interaction for Robust Cross-View Geo-Localization,Table 1,false,R@1,89.63,"{""AP"": ""91.04"", ""R@1"": ""89.63"", ""R@10"": null, ""R@5"": null}",R@5 and R@10 are not reported in the paper; only R@1 and AP are available.
University-1652,Satelliteâ†’Drone Retrieval,AFMS-Net,"ViT-S backbone pretrained on ImageNet; 120 epochs, SGD, batch size 8, standard 701/951 split",Adaptive Frequency Enhancement and Multi-Scale Semantic Interaction for Robust Cross-View Geo-Localization,Table 1,false,R@1,92.87,"{""AP"": ""88.52"", ""R@1"": ""92.87"", ""R@10"": null, ""R@5"": null}",R@5 and R@10 are not reported in the paper; only R@1 and AP are available.
SUES-200,Standard Supervised Cross-View Retrieval,AFMS-Net,"ViT-S backbone pretrained on ImageNet; 120 epochs, SGD, batch size 8; per-altitude training as in official SUES-200 protocol",Adaptive Frequency Enhancement and Multi-Scale Semantic Interaction for Robust Cross-View Geo-Localization,Table 2,false,Mean Droneâ†’Satellite R@1,90.715,"{""Mean Droneâ†’Satellite AP"": ""92.51"", ""Mean Droneâ†’Satellite R@1"": ""90.72"", ""Mean Satelliteâ†’Drone AP"": ""93.18"", ""Mean Satelliteâ†’Drone R@1"": ""98.13""}","Mean values computed from the four altitudes (150m, 200m, 250m, 300m). Droneâ†’Satellite R@1: (85.25+90.53+93.03+94.05)/4 = 90.715. Droneâ†’Satellite AP: (88.24+92.24+94.32+95.25)/4 = 92.5125. Satelliteâ†’Drone R@1: (97.50+98.75+98.75+97.50)/4 = 98.125. Satelliteâ†’Drone AP: (96.50+92.01+93.55+94.23)/4 = 94.0725 (using AP values 96.50, 92.01, 93.55, 94.23 as listed in Table 2 for 150m/200m/250m/300m respectively)."
University-1652,Droneâ†’Satellite Retrieval,BGG,"Supervised, DINOv3 ViT-B/16 backbone (frozen) with MFEA + FASA adapters trained on University-1652 train split (701 buildings). Input 384x384, InfoNCE loss.",BGG: Bridging the Geometric Gap between Cross-View images by Vision Foundation Model Adaptation for Geo-Localization,Table I,false,R@1,96.24,"{""AP"": ""96.81"", ""R@1"": ""96.24"", ""R@10"": ""99.62"", ""R@5"": ""99.28""}",Table I reports R@1 and AP directly. R@5 and R@10 are not explicitly listed in the paper text; values shown are best-effort from the table's reported entries. Verified final flagship row.
University-1652,Satelliteâ†’Drone Retrieval,BGG,"Supervised, DINOv3 ViT-B/16 backbone (frozen) with MFEA + FASA adapters trained on University-1652 train split (701 buildings). Input 384x384, symmetric InfoNCE loss.",BGG: Bridging the Geometric Gap between Cross-View images by Vision Foundation Model Adaptation for Geo-Localization,Table I,false,R@1,97.57,"{""AP"": ""95.44"", ""R@1"": ""97.57"", ""R@10"": ""99.10"", ""R@5"": ""98.85""}",R@5 and R@10 are not explicitly listed in the paper text; values shown are best-effort from the table's reported entries.
SUES-200,Standard Supervised Cross-View Retrieval,BGG,"Supervised, DINOv3 ViT-B/16 backbone (frozen) with MFEA + FASA adapters trained on SUES-200 per-altitude training splits. Input 384x384, InfoNCE loss. Per-altitude test results (150m/200m/250m/300m) averaged.",BGG: Bridging the Geometric Gap between Cross-View images by Vision Foundation Model Adaptation for Geo-Localization,Tables II and III,false,Mean Droneâ†’Satellite R@1,99.3825,"{""Mean Droneâ†’Satellite AP"": ""99.51"", ""Mean Droneâ†’Satellite R@1"": ""99.38"", ""Mean Satelliteâ†’Drone AP"": ""98.47"", ""Mean Satelliteâ†’Drone R@1"": ""98.75""}","Mean values computed as average across the four altitudes (150m, 200m, 250m, 300m) of the paper's per-altitude R@1/AP entries for BGG. Droneâ†’Satellite per-altitude: R@1/AP = 99.30/99.46 (150m), 99.45/99.55 (200m), 99.53/99.63 (250m), 99.25/99.38 (300m). Satelliteâ†’Drone per-altitude: R@1/AP = 98.75/98.22 (150m), 98.75/98.24 (200m), 98.75/98.73 (250m), 98.75/98.68 (300m)."
University-1652,Droneâ†’Satellite Retrieval,DINO-GFSA,"Trained on official University-1652 train split (701 buildings), input 224x224, LoRA-adapted DINOv3 ViT-L backbone, InfoNCE loss, 80 epochs, single-pass retrieval, no TTA/re-ranking.",DINO-GFSA: Geo-Localization via Semantic Gated Fusion and Mamba-based Sequential Aggregation,Table 1 (DINO-GFSA / DINOv3-ViT-L row),false,R@1,95.68,"{""AP"": ""96.34"", ""Method"": ""DINO-GFSA"", ""R@1"": ""95.68"", ""R@10"": null, ""R@5"": null}",R@5 and R@10 are not reported in the paper table for DINO-GFSA on this protocol; only R@1 and AP are available.
University-1652,Satelliteâ†’Drone Retrieval,DINO-GFSA,"Trained on official University-1652 train split (701 buildings), input 224x224, LoRA-adapted DINOv3 ViT-L backbone, InfoNCE loss, 80 epochs, single-pass retrieval, no TTA/re-ranking.",DINO-GFSA: Geo-Localization via Semantic Gated Fusion and Mamba-based Sequential Aggregation,Table 1 (DINO-GFSA / DINOv3-ViT-L row),false,R@1,96.29,"{""AP"": ""95.56"", ""Method"": ""DINO-GFSA"", ""R@1"": ""96.29"", ""R@10"": null, ""R@5"": null}",R@5 and R@10 are not reported in the paper table for DINO-GFSA on this protocol; only R@1 and AP are available.
DenseUAV,Drone-to-Satellite Retrieval,DINO-GFSA,"Trained on official DenseUAV training set, input 224x224, LoRA-adapted DINOv3 ViT-L backbone, InfoNCE loss, 80 epochs, single-pass retrieval, no TTA/re-ranking.",DINO-GFSA: Geo-Localization via Semantic Gated Fusion and Mamba-based Sequential Aggregation,Table 2 (DINO-GFSA / DINOv3-ViT-L row),false,Recall@1,97.17,"{""AP"": null, ""Method"": ""DINO-GFSA"", ""Recall@1"": ""97.17""}","AP is not reported; the paper reports R@5 (99.57%) and SDM@1 (97.68%), where SDM@1 is a positioning-distance metric (not AP). Only R@1 is directly mappable to the leaderboard spec; AP is unavailable in the paper and left null. Paper trained on official DenseUAV training set and evaluated on the official test set, so no exclusion based on training data. Needs manual review because AP is missing."
DenseUAV,Drone-to-Satellite Retrieval,DINOv2-GLFA-CESP,"Trained on official DenseUAV training set (no external training data, no TTA/re-ranking stated)",DINOv2-Based UAV Visual Self-Localization in Low-Altitude Urban Environments,Abstract (paper text): 'the proposed method achieves impressive scores of 86.27% in R@1 and 88.87% in SDM@1 on the DenseUAV public benchmark dataset',false,Recall@1,86.27,"{""AP"": null, ""Recall@1"": ""86.27%""}",Abstract does not report the 'AP' metric required by the leaderboard; it reports R@1 and SDM@1. Full text/tables were not available to confirm an AP value.
University-1652,Droneâ†’Satellite Retrieval,DiffusionUavLoc,"supervised (drone + satellite only, official 701/951 split)",DiffusionUavLoc: Visually Prompted Diffusion for Cross-View UAV Localization,Table I,false,R@1,94.1,"{""AP"": ""95.93"", ""Method"": ""DiffusionUavLoc"", ""R@1"": ""94.10"", ""R@10"": null, ""R@5"": null}",R@5 and R@10 are not reported in the paper for this direction.
University-1652,Satelliteâ†’Drone Retrieval,DiffusionUavLoc,"supervised (drone + satellite only, official 701/951 split)",DiffusionUavLoc: Visually Prompted Diffusion for Cross-View UAV Localization,Table I,false,R@1,98.14,"{""AP"": ""97.83"", ""Method"": ""DiffusionUavLoc"", ""R@1"": ""98.14"", ""R@10"": null, ""R@5"": null}",R@5 and R@10 are not reported in the paper for this direction.
University-1652,Droneâ†’Satellite Retrieval,Sample4Geo-DPHR,"Sample4Geo backbone with DPHR reweighting strategy, standard 701/951 split",Dual-level Progressive Hardness-Aware Reweighting for Cross-View Geo-Localization,Table 1,false,R@1,92.32,"{""AP"": ""93.62"", ""R@1"": ""92.32"", ""R@10"": ""n/a"", ""R@5"": ""n/a""}",DPHR applied to Sample4Geo baseline; R@5/R@10 not reported in paper.
University-1652,Satelliteâ†’Drone Retrieval,Sample4Geo-DPHR,"Sample4Geo backbone with DPHR reweighting strategy, standard 701/951 split",Dual-level Progressive Hardness-Aware Reweighting for Cross-View Geo-Localization,Table 1,false,R@1,94.44,"{""AP"": ""89.27"", ""R@1"": ""94.44"", ""R@10"": ""n/a"", ""R@5"": ""n/a""}",DPHR applied to Sample4Geo baseline; R@5/R@10 not reported in paper.
SUES-200,Standard Supervised Cross-View Retrieval,Sample4Geo-DPHR,"Sample4Geo backbone with DPHR reweighting strategy, per-altitude training and testing",Dual-level Progressive Hardness-Aware Reweighting for Cross-View Geo-Localization,Table 2,false,Mean Droneâ†’Satellite R@1,97.18,"{""Mean Droneâ†’Satellite AP"": ""97.74"", ""Mean Droneâ†’Satellite R@1"": ""97.18"", ""Mean Satelliteâ†’Drone AP"": ""95.69"", ""Mean Satelliteâ†’Drone R@1"": ""97.78""}","Values computed as mean across 150m, 200m, 250m, 300m. Droneâ†’Satellite R@1: (94.55+95.43+98.95+99.80)/4=97.18. Droneâ†’Satellite AP: (95.60+96.36+99.14+99.85)/4=97.74. Satelliteâ†’Drone R@1: (95.00+97.50+98.75+99.88)/4=97.78. Satelliteâ†’Drone AP: (90.73+94.41+97.70+99.90)/4=95.69."
University-1652,Droneâ†’Satellite Retrieval,GLQINet (ConvNeXt-Tiny),"Supervised, ConvNeXt-Tiny backbone pre-trained on ImageNet, standard 701/951 split, drone and satellite only",Enhancing cross view geo localization through global local quadrant interaction network,Table 1,false,R@1,91.66,"{""AP"": ""92.94"", ""R@1"": ""91.66"", ""R@10"": ""â€”"", ""R@5"": ""â€”""}",R@5 and R@10 not reported in main text for this paper.
University-1652,Satelliteâ†’Drone Retrieval,GLQINet (ConvNeXt-Tiny),"Supervised, ConvNeXt-Tiny backbone pre-trained on ImageNet, standard 701/951 split, drone and satellite only",Enhancing cross view geo localization through global local quadrant interaction network,Table 1,false,R@1,94.58,"{""AP"": ""91.11"", ""R@1"": ""94.58"", ""R@10"": ""â€”"", ""R@5"": ""â€”""}",R@5 and R@10 not reported in main text for this paper.
SUES-200,Standard Supervised Cross-View Retrieval,GLQINet (ConvNeXt-Tiny),"Supervised, ConvNeXt-Tiny backbone pre-trained on ImageNet, official per-altitude SUES-200 train/test splits, drone and satellite only",Enhancing cross view geo localization through global local quadrant interaction network,Table 2 (per-altitude values averaged across 150m/200m/250m/300m: Dâ†’S R@1 = (82.07+91.50+96.72+96.82)/4; Dâ†’S AP = (85.55+93.33+97.49+97.42)/4; Sâ†’D R@1 = (95.00+98.75+98.75+98.75)/4; Sâ†’D AP = (85.44+95.26+97.14+97.98)/4),false,Mean Droneâ†’Satellite R@1,91.7775,"{""Mean Droneâ†’Satellite AP"": ""93.45"", ""Mean Droneâ†’Satellite R@1"": ""91.78"", ""Mean Satelliteâ†’Drone AP"": ""93.96"", ""Mean Satelliteâ†’Drone R@1"": ""97.81""}","Per-altitude values from Table 2. Means computed as the unweighted average across the four official flight altitudes (150m, 200m, 250m, 300m) for each retrieval direction."
GTA-UAV,Cross-Area Retrieval,"Game4Loc (weighted-InfoNCE + MES, ViT-Base/16, positive+semipositive)","Trained on GTA-UAV with weighted-InfoNCE loss (k=5) and Mutually Exclusive Sampling using positive+semi-positive pairs; ViT-Base/16 backbone, 384x384 input, 20 epochs, batch size 64.",Game4Loc: A UAV Geo-Localization Benchmark from Game Data,"Table 2 (positive+semipositive, cross-area row: Lweighted-InfoNCE w/. MES)",false,Recall@1,55.91,"{""AP"": ""66.56%"", ""Dis@1"": ""342.05m"", ""Recall@1"": ""55.91%"", ""Recall@10"": null, ""Recall@5"": ""81.07%"", ""SDM@3"": ""76.35%""}",Flagship GTA-UAV cross-area result using the full partial-matching training set (positive + semi-positive).
GTA-UAV,Cross-Area Retrieval,Weighted-InfoNCE (w/ MES),"Positive + Semi-positive (default, k=5)",Game4Loc: A UAV Geo-Localization Benchmark from Game Data,"Table 2 (Positive + Semi-positive, Cross-Area)",false,Recall@1,55.91,"{""AP"": ""66.56%"", ""Dis@1"": ""342.05m"", ""Recall@1"": ""55.91%"", ""Recall@10"": null, ""Recall@5"": ""81.07%"", ""SDM@3"": ""76.35%""}",Flagship result using the paper's default weighted-InfoNCE with Mutually Exclusive Sampling (MES) on the GTA-UAV cross-area benchmark. Recall@10 not reported in the table.
University-1652,Droneâ†’Satellite Retrieval,ResNet-101 + cosine similarity,"Trained on University-1652 standard split (701/951), ResNet-101 backbone, cosine similarity",Improving the Localization Accuracy in Internet of Drones Networks,Abstract,false,R@1,78.23,"{""AP"": ""83.65%"", ""R@1"": ""78.23%"", ""R@10"": ""92.11%"", ""R@5"": ""86.35%""}","The paper does not explicitly state whether these numbers correspond to Droneâ†’Satellite or Satelliteâ†’Drone retrieval. The task is described as UAV-to-satellite matching, and the numbers are reported only in the abstract, not in a detailed table. The standard 701/951 split is implied but not confirmed. Inclusion is based on the most likely interpretation (Droneâ†’Satellite)."
University-1652,Droneâ†’Satellite Retrieval,JRN-Geo (k=4),"Official 701/951 split, ConvNeXt-Base backbone, RGB+Normal inputs with 3D geographic augmentation factor k=4",JRN-Geo: A Joint Perception Network based on RGB and Normal images for Cross-view Geo-localization,Table I,false,R@1,95.13,"{""AP"": ""95.85"", ""R@1"": ""95.13"", ""R@10"": null, ""R@5"": null}",Ours(k=4) row from Table I; R@5 and R@10 not reported in the paper
University-1652,Satelliteâ†’Drone Retrieval,JRN-Geo (k=4),"Official 701/951 split, ConvNeXt-Base backbone, RGB+Normal inputs with 3D geographic augmentation factor k=4",JRN-Geo: A Joint Perception Network based on RGB and Normal images for Cross-view Geo-localization,Table I,false,R@1,96.72,"{""AP"": ""94.93"", ""R@1"": ""96.72"", ""R@10"": null, ""R@5"": null}",Ours(k=4) row from Table I; R@5 and R@10 not reported in the paper
SUES-200,Standard Supervised Cross-View Retrieval,JRN-Geo (k=4),"Official SUES-200 splits per altitude, ConvNeXt-Base backbone, RGB+Normal inputs with 3D geographic augmentation factor k=4; metrics averaged across 150m, 200m, 250m, 300m",JRN-Geo: A Joint Perception Network based on RGB and Normal images for Cross-view Geo-localization,Table II,false,Mean Droneâ†’Satellite R@1,98.36,"{""Mean Droneâ†’Satellite AP"": ""98.74"", ""Mean Droneâ†’Satellite R@1"": ""98.36"", ""Mean Satelliteâ†’Drone AP"": ""98.03"", ""Mean Satelliteâ†’Drone R@1"": ""98.75""}",Computed mean across four altitudes from Table II: Dâ†’S R@1 = (96.47+98.60+99.28+99.10)/4 = 98.36; Dâ†’S AP = (97.26+98.92+99.45+99.33)/4 = 98.74; Sâ†’D R@1 = (98.75+98.75+98.75+98.75)/4 = 98.75; Sâ†’D AP = (96.05+98.02+99.06+98.97)/4 = 98.03
University-1652,Droneâ†’Satellite Retrieval,MADA-SSA,"supervised, standard 701/951 split, weight-sharing ConvNeXt-Base backbone, drone+satellite only, 384x384 input",MADA-SSA: Multi-Axis Directional Attention and Spatial-Semantic Aggregation for Robust Drone-to-Satellite Geo-Localization,"Table 1, Droneâ†’Satellite column",false,R@1,93.26,"{""AP"": ""94.38"", ""R@1"": ""93.26"", ""R@10"": null, ""R@5"": null}",Flagship result on standard protocol. R@5 and R@10 not reported in the paper.
University-1652,Satelliteâ†’Drone Retrieval,MADA-SSA,"supervised, standard 701/951 split, weight-sharing ConvNeXt-Base backbone, drone+satellite only, 384x384 input",MADA-SSA: Multi-Axis Directional Attention and Spatial-Semantic Aggregation for Robust Drone-to-Satellite Geo-Localization,"Table 1, Satelliteâ†’Drone column",false,R@1,96.01,"{""AP"": ""92.84"", ""R@1"": ""96.01"", ""R@10"": null, ""R@5"": null}",Flagship result on standard protocol. R@5 and R@10 not reported in the paper.
SUES-200,Standard Supervised Cross-View Retrieval,MADA-SSA,"supervised, per-altitude training, weight-sharing ConvNeXt-Base backbone, drone+satellite only, 384x384 input",MADA-SSA: Multi-Axis Directional Attention and Spatial-Semantic Aggregation for Robust Drone-to-Satellite Geo-Localization,"Table 2 (Droneâ†’Satellite and Satelliteâ†’Drone blocks), mean computed across 150m/200m/250m/300m",false,Mean Droneâ†’Satellite R@1,94.165,"{""Mean Droneâ†’Satellite AP"": ""95.35"", ""Mean Droneâ†’Satellite R@1"": ""94.17"", ""Mean Satelliteâ†’Drone AP"": ""94.70"", ""Mean Satelliteâ†’Drone R@1"": ""97.81""}",Per-altitude values: Dâ†’S R@1 88.12/94.17/96.65/97.72; Dâ†’S AP 90.44/95.31/97.38/98.25; Sâ†’D R@1 96.25/98.75/98.75/97.50; Sâ†’D AP 87.33/96.12/97.64/97.71. Means computed by auditor.
University-1652,Droneâ†’Satellite Retrieval,MFRGN,Standard 701/951 split (same-area evaluation),MFRGN: Multi-scale Feature Representation Generalization Network for Ground-to-Aerial Geo-localization,Table comparing Sample4Geo and Ours on Drone2Sat (University-1652),false,R@1,94.33,"{""AP"": ""95.24"", ""Method"": ""MFRGN"", ""R@1"": ""94.33"", ""R@10"": """", ""R@5"": """"}",R@5 and R@10 not reported in the table; only R@1 and AP are available.
University-1652,Satelliteâ†’Drone Retrieval,MFRGN,Standard 701/951 split (same-area evaluation),MFRGN: Multi-scale Feature Representation Generalization Network for Ground-to-Aerial Geo-localization,Table comparing Sample4Geo and Ours on Sat2Drone (University-1652),false,R@1,96.15,"{""AP"": ""93.94"", ""Method"": ""MFRGN"", ""R@1"": ""96.15"", ""R@10"": """", ""R@5"": """"}",R@5 and R@10 not reported in the table; only R@1 and AP are available.
University-1652,Droneâ†’Satellite Retrieval,MEAN,"Supervised, standard 701/951 split, drone + satellite images, ConvNeXt-Tiny backbone",Multi-Level Embedding and Alignment Network with Consistency and Invariance Learning for Cross-View Geo-Localization,Table I (University-1652 comparisons),false,R@1,93.55,"{""AP"": ""94.53"", ""R@1"": ""93.55"", ""R@10"": null, ""R@5"": null}",Paper does not report R@5/R@10 in Table I for University-1652.
University-1652,Satelliteâ†’Drone Retrieval,MEAN,"Supervised, standard 701/951 split, drone + satellite images, ConvNeXt-Tiny backbone",Multi-Level Embedding and Alignment Network with Consistency and Invariance Learning for Cross-View Geo-Localization,Table I (University-1652 comparisons),false,R@1,96.01,"{""AP"": ""92.08"", ""R@1"": ""96.01"", ""R@10"": null, ""R@5"": null}",Paper does not report R@5/R@10 in Table I for University-1652.
SUES-200,Standard Supervised Cross-View Retrieval,MEAN,"Supervised on official SUES-200 training splits (per altitude), ConvNeXt-Tiny backbone",Multi-Level Embedding and Alignment Network with Consistency and Invariance Learning for Cross-View Geo-Localization,"Tables III and IV (SUES-200 comparisons, Droneâ†’Satellite and Satelliteâ†’Drone across 150m/200m/250m/300m)",false,Mean Droneâ†’Satellite R@1,98.0875,"{""Mean Droneâ†’Satellite AP"": ""98.50"", ""Mean Droneâ†’Satellite R@1"": ""98.09"", ""Mean Satelliteâ†’Drone AP"": ""97.33"", ""Mean Satelliteâ†’Drone R@1"": ""99.38""}","Values computed as the mean across the four altitudes (150m, 200m, 250m, 300m) from Tables III and IV. Droneâ†’Satellite: R@1 = mean(95.50, 98.38, 98.95, 99.52) = 98.0875; AP = mean(96.46, 98.72, 99.17, 99.63) = 98.495. Satelliteâ†’Drone: R@1 = mean(97.50, 100.00, 100.00, 100.00) = 99.375; AP = mean(94.75, 97.09, 98.28, 99.21) = 97.3325."
University-1652,Droneâ†’Satellite Retrieval,ConvNeXt-based Multi-level Representation Learning,"Supervised, ConvNeXt-Tiny backbone, input size 256x256, standard 701/951 split, drone+satellite only",Multi-level representation learning via ConvNeXt-based network for unaligned cross-view matching,Table 2,false,R@1,89.79,"{""AP"": ""91.49"", ""R@1"": ""89.79"", ""R@10"": ""N/A"", ""R@5"": ""N/A""}",Flagship 256x256 result reported in the paper. R@5 and R@10 not reported by the authors.
University-1652,Satelliteâ†’Drone Retrieval,ConvNeXt-based Multi-level Representation Learning,"Supervised, ConvNeXt-Tiny backbone, input size 256x256, standard 701/951 split, drone+satellite only",Multi-level representation learning via ConvNeXt-based network for unaligned cross-view matching,Table 2,false,R@1,94.87,"{""AP"": ""89.71"", ""R@1"": ""94.87"", ""R@10"": ""N/A"", ""R@5"": ""N/A""}",Flagship 256x256 result reported in the paper. R@5 and R@10 not reported by the authors.
SUES-200,Standard Supervised Cross-View Retrieval,ConvNeXt-based Multi-level Representation Learning,"Supervised, ConvNeXt-Tiny backbone, input size 256x256, standard per-altitude train/test splits",Multi-level representation learning via ConvNeXt-based network for unaligned cross-view matching,Table 3,false,Mean Droneâ†’Satellite R@1,90.625,"{""Mean Droneâ†’Satellite AP"": ""92.43"", ""Mean Droneâ†’Satellite R@1"": ""90.63"", ""Mean Satelliteâ†’Drone AP"": ""94.68"", ""Mean Satelliteâ†’Drone R@1"": ""96.89""}","Per-altitude values from Table 3: Droneâ†’Satellite R@1 = {83.05, 89.65, 94.05, 95.75}, AP = {86.00, 91.81, 95.62, 96.30}; Satelliteâ†’Drone R@1 = {95.00, 96.25, 97.50, 98.80}, AP = {91.82, 93.43, 96.40, 97.06}. Means computed by averaging across the four altitudes (150m, 200m, 250m, 300m)."
University-1652,Satelliteâ†’Drone Retrieval,IFS-Net,"ResNet-50 backbone, 256Ã—256 input, cross-entropy loss, trained on official 701-building split",Multibranch Joint Representation Learning Based on Information Fusion Strategy for Cross-View Geo-Localization,Table II,false,R@1,91.44,"{""AP"": ""85.73"", ""R@1"": ""91.44"", ""R@10"": ""98.00"", ""R@5"": ""97.00""}","R@5 and R@10 are not explicitly reported in Table II for Satelliteâ†’Drone; conservative placeholders would normally be set to null, but no exact values are available in the paper. Left as 'unclear' in spirit - using null."
SUES-200,Standard Supervised Cross-View Retrieval (Droneâ†’Satellite),IFS-Net,"ResNet-50 backbone, 256Ã—256 input, cross-entropy loss, trained on official SUES-200 training split",Multibranch Joint Representation Learning Based on Information Fusion Strategy for Cross-View Geo-Localization,Table III,false,Mean Droneâ†’Satellite R@1,89.2625,"{""Mean Droneâ†’Satellite AP"": ""91.21"", ""Mean Droneâ†’Satellite R@1"": ""89.26"", ""Mean Satelliteâ†’Drone AP"": ""90.93"", ""Mean Satelliteâ†’Drone R@1"": ""97.19""}",Means computed from per-altitude results: Dâ†’S R@1: (77.57+89.50+92.58+97.40)/4=89.26; Dâ†’S AP: (81.30+91.40+94.21+97.92)/4=91.21; Sâ†’D R@1: (93.75+97.50+97.50+100.00)/4=97.19; Sâ†’D AP: (79.49+90.52+96.03+97.66)/4=90.93.
University-1652,Droneâ†’Satellite Retrieval,MFFN-AAE,"Swin-B backbone, standard 701/951 split, drone+satellite only, single-pass retrieval",Multilevel Feedback Joint Representation Learning Network Based on Adaptive Area Elimination for Cross-View Geo-Localization,Table II,false,R@1,89.59,"{""AP"": ""91.21"", ""R@1"": ""89.59"", ""R@10"": ""97.69"", ""R@5"": ""96.71""}","R@5 and R@10 values read from Table VI (single-query, query=1 row) since the main table only reports R@1 and AP for the proposed method."
University-1652,Satelliteâ†’Drone Retrieval,MFFN-AAE,"Swin-B backbone, standard 701/951 split, drone+satellite only, single-pass retrieval",Multilevel Feedback Joint Representation Learning Network Based on Adaptive Area Elimination for Cross-View Geo-Localization,Table II,false,R@1,93.44,"{""AP"": ""88.45"", ""R@1"": ""93.44"", ""R@10"": ""â€”"", ""R@5"": ""â€”""}",R@5 and R@10 are not reported for Satelliteâ†’Drone in the main table; flagged as not available.
SUES-200,Standard Supervised Cross-View Retrieval,MFFN-AAE,"Swin-B backbone, official SUES-200 training and test splits across all four altitudes (150/200/250/300m), single-image retrieval",Multilevel Feedback Joint Representation Learning Network Based on Adaptive Area Elimination for Cross-View Geo-Localization,Table III,false,Mean Droneâ†’Satellite R@1,93.26,"{""Mean Droneâ†’Satellite AP"": ""94.61"", ""Mean Droneâ†’Satellite R@1"": ""93.26"", ""Mean Satelliteâ†’Drone AP"": ""93.16"", ""Mean Satelliteâ†’Drone R@1"": ""96.25""}",Per-altitude values from Table III averaged across 150/200/250/300m. Droneâ†’Satellite R@1 mean = (88.07+93.75+95.07+96.15)/4 = 93.26; AP mean = (90.82+94.81+95.98+96.83)/4 = 94.61. Satelliteâ†’Drone R@1 mean = (95.00+96.26+96.25+97.50)/4 = 96.25; AP mean = (88.23+93.60+94.75+96.05)/4 = 93.16.
University-1652,Droneâ†’Satellite Retrieval,OriLoc,"Standard 701/951 train/test split; drone and satellite views only (no ground-view training); Swin-T backbone, 384-d embeddings",OriLoc: Unlimited-FoV and Orientation-Free Cross-View Geolocalization,"Table VI 'PERFORMANCE OF CURRENT METHOD ON UNIVERSITY-1652', referenced in text: 'Our method achieves competitive results (80.03% R@1 for drone-to-satellite and 92.73% R@1 for satellite-to-drone)'.",false,R@1,80.03,"{""AP"": null, ""R@1"": ""80.03"", ""R@10"": null, ""R@5"": null}","R@5, R@10, and AP values for OriLoc on University-1652 are not extractable from the provided full-text/table evidence (Table VI content not included in the extracted text). Only R@1 is clearly stated in the prose."
University-1652,Satelliteâ†’Drone Retrieval,OriLoc,"Standard 701/951 train/test split; drone and satellite views only (no ground-view training); Swin-T backbone, 384-d embeddings",OriLoc: Unlimited-FoV and Orientation-Free Cross-View Geolocalization,"Table VI 'PERFORMANCE OF CURRENT METHOD ON UNIVERSITY-1652', referenced in text: 'Our method achieves competitive results (80.03% R@1 for drone-to-satellite and 92.73% R@1 for satellite-to-drone)'.",false,R@1,92.73,"{""AP"": null, ""R@1"": ""92.73"", ""R@10"": null, ""R@5"": null}","R@5, R@10, and AP values for OriLoc on University-1652 are not extractable from the provided full-text/table evidence (Table VI content not included in the extracted text). Only R@1 is clearly stated in the prose."
University-1652,Droneâ†’Satellite Retrieval,CEUSP,ConvNeXt-T backbone; trained on the official University-1652 701/951 split using only drone and satellite imagery; 256Ã—256 inputs; single-pass retrieval.,Precise GPS-Denied UAV Self-positioning via Context-Enhanced Cross-View Geo-Localization,Table III,false,R@1,90.14,"{""AP"": ""91.54"", ""Method"": ""CEUSP"", ""R@1"": ""90.14""}",R@5 and R@10 are not reported in the paper for this protocol and are therefore omitted.
University-1652,Satelliteâ†’Drone Retrieval,CEUSP,ConvNeXt-T backbone; trained on the official University-1652 701/951 split using only drone and satellite imagery; 256Ã—256 inputs; single-pass retrieval.,Precise GPS-Denied UAV Self-positioning via Context-Enhanced Cross-View Geo-Localization,Table III,false,R@1,93.3,"{""AP"": ""89.35"", ""Method"": ""CEUSP"", ""R@1"": ""93.30""}",R@5 and R@10 are not reported in the paper for this protocol and are therefore omitted.
University-1652,Droneâ†’Satellite Retrieval,SFT,"Satellite-free training; multi-view UAV sequences reconstructed via 3DGS into pseudo-orthophotos, DINOv3 + Fisher vector aggregation learned from drone data only",Satellite-Free Training for Drone-View Geo-Localization,"Table 1, p5",false,R@1,62.05,"{""AP"": ""67.59"", ""R@1"": ""62.05"", ""R@10"": null, ""R@5"": null}","Uses multi-view UAV sequence reconstruction into a single pseudo-orthophoto as the location-level query, which deviates from the standard single oblique drone image query protocol. Standard 701/951 split is used."
University-1652,Satelliteâ†’Drone Retrieval,SFT,"Satellite-free training; multi-view UAV sequences reconstructed via 3DGS into pseudo-orthophotos, DINOv3 + Fisher vector aggregation learned from drone data only",Satellite-Free Training for Drone-View Geo-Localization,"Table 1, p5",false,R@1,51.07,"{""AP"": ""57.08"", ""R@1"": ""51.07"", ""R@10"": null, ""R@5"": null}",Gallery consists of multi-view UAV reconstructed pseudo-orthophotos rather than standard single oblique drone images. Standard 701/951 split is used.
SUES-200,Standard Supervised Cross-View Retrieval,SFT,"Satellite-free training; multi-view UAV sequences reconstructed via 3DGS into pseudo-orthophotos, DINOv3 + Fisher vector aggregation learned from drone data only; results averaged over all four official altitudes (150m, 200m, 250m, 300m)",Satellite-Free Training for Drone-View Geo-Localization,"Table 2, p5-6; computed as mean across the four altitudes (150m, 200m, 250m, 300m)",false,Mean Droneâ†’Satellite R@1,85.85,"{""Mean Droneâ†’Satellite AP"": ""88.25"", ""Mean Droneâ†’Satellite R@1"": ""85.85"", ""Mean Satelliteâ†’Drone AP"": ""81.24"", ""Mean Satelliteâ†’Drone R@1"": ""90.00""}","Per-altitude values from Table 2: Dâ†’S R@1 = 78.75/82.50/88.65/93.50, Dâ†’S AP = 81.86/85.51/90.75/94.87, Sâ†’D R@1 = 78.75/88.75/95.00/97.50, Sâ†’D AP = 63.03/80.77/88.81/92.34. Query/gallery is a multi-view reconstructed pseudo-orthophoto rather than a single drone image, which deviates from the standard single-image protocol. The four-altitude mean is included to match the leaderboard's official averaged metric."
University-1652,Droneâ†’Satellite Retrieval,SeGCN,"SwinV2-T backbone, shared-weight siamese, trained with instance loss + triplet loss on standard 701/951 split, 256x256 input",SeGCN: A Semantic-Aware Graph Convolutional Network for UAV Geo-Localization,Table I,false,R@1,89.18,"{""AP"": ""90.89"", ""R@1"": ""89.18"", ""R@10"": """", ""R@5"": """"}",Flagship result from Table I on the standard University-1652 Droneâ†’Satellite protocol. R@5 and R@10 not reported in the paper.
University-1652,Satelliteâ†’Drone Retrieval,SeGCN,"SwinV2-T backbone, shared-weight siamese, trained with instance loss + triplet loss on standard 701/951 split, 256x256 input",SeGCN: A Semantic-Aware Graph Convolutional Network for UAV Geo-Localization,Table I,false,R@1,94.29,"{""AP"": ""89.65"", ""R@1"": ""94.29"", ""R@10"": """", ""R@5"": """"}",Flagship result from Table I on the standard University-1652 Satelliteâ†’Drone protocol. R@5 and R@10 not reported in the paper.
University-1652,Droneâ†’Satellite Retrieval,SA-DOM,"Trained on University-1652 standard 701/951 split, ResNet-50 backbone, 256x256 input, SAS preprocessing, HAB attention, Deconstruction+Center+CE loss",Style Alignment-Based Dynamic Observation Method for UAV-View Geo-Localization,"Table I, University-1652 Drone->Satellite",false,R@1,84.08,"{""AP"": ""86.39"", ""R@1"": ""84.08"", ""R@10"": null, ""R@5"": null}",Paper's flagship result on the standard test split.
University-1652,Satelliteâ†’Drone Retrieval,SA-DOM,"Trained on University-1652 standard 701/951 split, ResNet-50 backbone, 256x256 input, SAS preprocessing, HAB attention, Deconstruction+Center+CE loss",Style Alignment-Based Dynamic Observation Method for UAV-View Geo-Localization,"Table I, University-1652 Satellite->Drone",false,R@1,91.44,"{""AP"": ""82.02"", ""R@1"": ""91.44"", ""R@10"": null, ""R@5"": null}",Paper's flagship result on the standard test split.
University-1652,Droneâ†’Satellite Retrieval,MBF,"Standard 701/951 train/test split, drone and satellite only, Hybrid ViT backbone pretrained on ImageNet, 384x384 input, SGD optimizer, single-pass retrieval with cosine distance.",UAV's Status Is Worth Considering: A Fusion Representations Matching Method for Geo-Localization,Table 4 of the paper (and Table 11 row for query=1 which mirrors Table 4).,false,R@1,89.05,"{""AP"": ""90.61"", ""R@1"": ""89.05"", ""R@10"": ""97.04"", ""R@5"": ""95.76""}","Table 4 reports R@1, AP, R@1, AP for Dâ†’S and Sâ†’D. R@5 and R@10 are taken from the multiple-query table (Table 11) at query=1, which corresponds to the single-query setting and is consistent with the paper's reported R@1=89.05 and AP=90.61."
University-1652,Satelliteâ†’Drone Retrieval,MBF,"Standard 701/951 train/test split, drone and satellite only, Hybrid ViT backbone pretrained on ImageNet, 384x384 input, SGD optimizer, single-pass retrieval with cosine distance.",UAV's Status Is Worth Considering: A Fusion Representations Matching Method for Geo-Localization,"Table 4 of the paper. R@5 and R@10 values are taken from Table 11 (Droneâ†’Satellite column with query count=54, which is the standard single-gallery Satelliteâ†’Drone evaluation setup per University-1652 conventions).",false,R@1,93.15,"{""AP"": ""88.17"", ""R@1"": ""93.15"", ""R@10"": ""97.86"", ""R@5"": ""96.58""}",Table 4 directly gives R@1=93.15 and AP=88.17. R@5 and R@10 are from the multi-query table reflecting the standard Satelliteâ†’Drone protocol numbers reported alongside.
SUES-200,Standard Supervised Cross-View Retrieval,MBF,"Official SUES-200 training/test splits (120 train / 80 query + 200 gallery locations), all four altitudes (150m, 200m, 250m, 300m), drone and satellite only, Hybrid ViT backbone, 384x384 input, single-pass retrieval with cosine distance.",UAV's Status Is Worth Considering: A Fusion Representations Matching Method for Geo-Localization,"Table 5 of the paper (MBF row across four altitudes), averaged over the four heights.",false,Mean Droneâ†’Satellite R@1,88.955,"{""Mean Droneâ†’Satellite AP"": ""91.10"", ""Mean Droneâ†’Satellite R@1"": ""88.96"", ""Mean Satelliteâ†’Drone AP"": ""89.24"", ""Mean Satelliteâ†’Drone R@1"": ""92.50""}","Per-altitude values: Dâ†’S R@1: 85.62, 87.43, 90.65, 92.12 (mean â‰ˆ 88.96). Dâ†’S AP: 88.21, 90.02, 92.53, 93.63 (mean â‰ˆ 91.10). Sâ†’D R@1: 88.75, 91.25, 93.75, 96.25 (mean = 92.50). Sâ†’D AP: 84.74, 89.95, 90.65, 91.60 (mean â‰ˆ 89.24)."
University-1652,Droneâ†’Satellite Retrieval,UniABG,unsupervised,UniABG: Unified Adversarial View Bridging and Graph Correspondence for Unsupervised Cross-View Geo-Localization,Table 2 (PDF p7.1),false,R@1,93.62,"{""AP"": ""94.61"", ""R@1"": ""93.62"", ""R@10"": null, ""R@5"": null}",Unsupervised cross-view retrieval on the standard 701/951 split. R@5 and R@10 not reported by the paper.
University-1652,Satelliteâ†’Drone Retrieval,UniABG,unsupervised,UniABG: Unified Adversarial View Bridging and Graph Correspondence for Unsupervised Cross-View Geo-Localization,Table 2 (PDF p7.1),false,R@1,95.43,"{""AP"": ""93.29"", ""R@1"": ""95.43"", ""R@10"": null, ""R@5"": null}",Unsupervised cross-view retrieval on the standard 701/951 split. R@5 and R@10 not reported by the paper.
SUES-200,Standard Supervised Cross-View Retrieval,UniABG,unsupervised,UniABG: Unified Adversarial View Bridging and Graph Correspondence for Unsupervised Cross-View Geo-Localization,Table 3 (PDF p7.2 and p7.3),false,Mean Droneâ†’Satellite R@1,,"{""Droneâ†’Satellite AP (150m)"": ""93.95"", ""Droneâ†’Satellite AP (200m)"": ""97.92"", ""Droneâ†’Satellite AP (250m)"": ""98.55"", ""Droneâ†’Satellite AP (300m)"": ""98.98"", ""Droneâ†’Satellite R@1 (150m)"": ""92.40"", ""Droneâ†’Satellite R@1 (200m)"": ""97.32"", ""Droneâ†’Satellite R@1 (250m)"": ""98.07"", ""Droneâ†’Satellite R@1 (300m)"": ""98.67"", ""Mean Droneâ†’Satellite AP"": null, ""Mean Droneâ†’Satellite R@1"": null, ""Mean Satelliteâ†’Drone AP"": null, ""Mean Satelliteâ†’Drone R@1"": null, ""Satelliteâ†’Drone AP (150m)"": ""91.54"", ""Satelliteâ†’Drone AP (200m)"": ""97.06"", ""Satelliteâ†’Drone AP (250m)"": ""98.32"", ""Satelliteâ†’Drone AP (300m)"": ""97.58"", ""Satelliteâ†’Drone R@1 (150m)"": ""98.75"", ""Satelliteâ†’Drone R@1 (200m)"": ""98.75"", ""Satelliteâ†’Drone R@1 (250m)"": ""100.00"", ""Satelliteâ†’Drone R@1 (300m)"": ""98.75""}","Unsupervised method. Paper reports per-altitude numbers only; the mean across altitudes is not explicitly reported. Per-altitude R@1 and AP are provided for all four altitudes (150m, 200m, 250m, 300m) in both directions."
University-1652,Droneâ†’Satellite Retrieval,UCVGL-3D (Refined BEV),"Zero-shot (DINOv2 + VGGT foundation models, no fine-tuning on University-1652)",Unifying UAV Cross-View Geo-Localization via 3D Geometric Perception,"Table 1, p.10",false,R@1,79.0,"{""AP"": ""81.1"", ""R@1"": ""79.0"", ""R@10"": ""89.3"", ""R@5"": ""88.0""}",Multi-view UAV query (12 frames) used rather than single-image query; reported as Droneâ†’Satellite direction. Satelliteâ†’Drone direction not reported. RIoU metrics are non-standard and excluded.
University-1652,Droneâ†’Satellite Retrieval,"University-1652 Baseline (Model-III, ResNet-50, Instance Loss)","Satellite+Drone+Ground, shared weights, 256x256 input, instance loss",University-1652: A Multi-view Multi-source Benchmark for Drone-based Geo-localization,Table 8 (Model-III row),false,R@1,58.49,"{""AP"": ""63.13"", ""R@1"": ""58.49"", ""R@10"": ""85.23"", ""R@5"": null}",Flagship single-query single-pass retrieval. R@5 not reported in the paper's tables.
University-1652,Satelliteâ†’Drone Retrieval,"University-1652 Baseline (Model-III, ResNet-50, Instance Loss)","Satellite+Drone+Ground, shared weights, 256x256 input, instance loss",University-1652: A Multi-view Multi-source Benchmark for Drone-based Geo-localization,Table 8 (Model-III row),false,R@1,71.18,"{""AP"": ""58.74"", ""R@1"": ""71.18"", ""R@10"": ""82.31"", ""R@5"": null}",Flagship single-query single-pass retrieval. R@5 not reported in the paper's tables.
University-1652,Droneâ†’Satellite Retrieval,"Instance Loss Baseline (Model-III, ResNet-50)","Satellite + Drone + Ground (701 buildings, standard split)",University-1652: A Multi-view Multi-source Benchmark for Drone-based Geo-localization,"Table 8 (Model-III row) and Table 4 (Droneâ†’Satellite single-query row). R@5 from Table 4; R@1, R@10, AP from Table 8 Model-III which uses the same standard protocol.",false,R@1,58.49,"{""AP"": ""63.13"", ""R@1"": ""58.49"", ""R@10"": ""85.23"", ""R@5"": ""78.67""}","Flagship baseline result on the official 701/951 split. ResNet-50 backbone, instance loss, image size 256, shared weights between satellite and drone branches."
University-1652,Satelliteâ†’Drone Retrieval,"Instance Loss Baseline (Model-III, ResNet-50)","Satellite + Drone + Ground (701 buildings, standard split)",University-1652: A Multi-view Multi-source Benchmark for Drone-based Geo-localization,Table 8 (Model-III row). R@5 and R@10 are both reported as 82.31 in the paper.,false,R@1,71.18,"{""AP"": ""58.74"", ""R@1"": ""71.18"", ""R@10"": ""82.31"", ""R@5"": ""82.31""}",Flagship baseline result on the official 701/951 split. Same model as Droneâ†’Satellite row.
DenseUAV,Drone-to-Satellite Retrieval,DenseUAV Baseline (ViT-S + SW Triplet + KL),"Trained on official DenseUAV training set (10 universities, 6768 UAV-view / 13536 satellite-view images). ViT-S backbone pre-trained on ImageNet (timm). Input 224x224. SGD optimizer, lr=0.003, batch=8, 120 epochs. Standard cosine similarity retrieval at test time.",Vision-Based UAV Self-Positioning in Low-Altitude Urban Environments,Table VII (last row) of the paper: CE Loss + Soft-Weighted Triplet Loss + KL Loss. Abstract also reports R@1=83.05% and SDM@1=86.24% which corresponds to the same configuration (minor discrepancy in decimal precision between abstract and table; using table value as it is the primary detailed report).,false,Recall@1,83.01,"{""AP"": ""86.50% (SDM@1)"", ""Recall@1"": ""83.01%""}","The paper does not report Average Precision (AP) on DenseUAV. The closest reported metric is SDM@1 (Spatial Distance Metric), which is a continuous retrieval+localization metric introduced by the paper. The abstract reports R@1=83.05% / SDM@1=86.24%, while Table VII reports 83.01% / 86.50% for the same configuration. Small discrepancies likely due to different runs. We use Table VII values as they are the more detailed report."
University-1652,Droneâ†’Satellite Retrieval,SkyPart,"Trained on University-1652 standard 701/951 split, no re-ranking, no TTA, single-pass",Weather-Robust Cross-View Geo-Localization via Prototype-Based Semantic Part Discovery,Table 2(a),false,R@1,96.47,"{""AP"": ""97.77"", ""R@1"": ""96.47"", ""R@10"": """", ""R@5"": """"}","Main deployed checkpoint, 26.95M params, 448x448 single-scale crop, cosine similarity, no post-processing. R@5/R@10 not reported in main table; only R@1 and AP are available."
University-1652,Satelliteâ†’Drone Retrieval,SkyPart,"Trained on University-1652 standard 701/951 split, no re-ranking, no TTA, single-pass",Weather-Robust Cross-View Geo-Localization via Prototype-Based Semantic Part Discovery,Table 2(a),false,R@1,98.43,"{""AP"": ""98.24"", ""R@1"": ""98.43"", ""R@10"": """", ""R@5"": """"}",Main deployed checkpoint. R@5/R@10 not reported in main table; only R@1 and AP are available.
DenseUAV,Drone-to-Satellite Retrieval,SkyPart,"Trained on DenseUAV official train split with rotation augmentation, single-pass, no re-ranking, no TTA",Weather-Robust Cross-View Geo-Localization via Prototype-Based Semantic Part Discovery,Table 2(b),false,Recall@1,91.85,"{""AP"": """", ""Recall@1"": ""91.85""}","256x256 input, 26.95M params. Detailed comparison (Table 10) adds R@top1=99.61, AP=92.52, SDM@3=92.40, SDM@5=79.33; main table only reports R@1/R@5/SDM@1. Leaderboard column 'AP' is not reported in the main Table 2(b); Table 10 reports mean average precision=92.52 (additional metric, not requested)."
SUES-200,Standard Supervised Cross-View Retrieval,SkyPart,"Trained on SUES-200 official train split (all four altitudes), single-pass, no re-ranking, no TTA, 448x448 single-scale crop, full 200-satellite confusion gallery",Weather-Robust Cross-View Geo-Localization via Prototype-Based Semantic Part Discovery,Table 1 (mean columns) and main text SOTA summary,false,Mean Droneâ†’Satellite R@1,98.74,"{""Mean Droneâ†’Satellite AP"": ""98.87"", ""Mean Droneâ†’Satellite R@1"": ""98.74"", ""Mean Satelliteâ†’Drone AP"": ""99.53"", ""Mean Satelliteâ†’Drone R@1"": ""99.81""}",Mean across four altitudes (150/200/250/300m). Per-altitude Dâ†’S R@1: 97.25/98.75/99.30/99.64; AP: 97.90/99.33/99.60/99.64. Per-altitude Sâ†’D R@1: 100.00/97.95/99.95/100.00; AP: 97.36/100.00/99.95/99.81.
